0,1,2,3,4,5,6,7,8,9,10,11,12,13,14,15,16,17,18,19,20,21,22,23,24,25,26,27,28,29,30,31,32,33,34,35,36,37,38,39,40,41,42,43,44,45,46,47,48,49,50,51,52,53,54,55,56,57,58,59,60,61,62,63,64,65,66,67,68,69,70,71,72,73,74,75,76,77,78,79,80,81,82,83,84,85,86
0.006955128314588755,0.009300476773892662,0.0067468323792302795,0.014643039862131073,0.00803495165284929,0.008728955362634152,0.0061605377997048525,0.01335522224366025,0.006185804632112268,0.004109726291690273,0.004938405769340749,0.008433877456865172,0.012167622898054077,0.009839140805569874,0.008089619054469706,0.03900680174537178,0.0059664711655433335,0.033774334747765214,0.011404393284610561,0.009299065349270412,0.005038030382320371,0.007116731045133515,0.006009381836324547,0.003822607242986367,0.024761286101679117,0.004531853314892343,0.005237844774913452,0.012560362072104496,0.01860833620048204,0.007398215106249586,0.016479243043899038,0.006247401323654143,0.006483232390270965,0.01669852904351794,0.01363832378471066,0.004977822133466746,0.009410111251719798,0.015687834481972324,0.0044324371801115914,0.014463927401348775,0.004168420619485764,0.06749273387224718,0.04401264682056042,0.006078564928777206,0.03573981984153997,0.008639093615459005,0.006190739452084805,0.00615970129446824,0.008099637768893447,0.00514700444248748,0.005679771787833043,0.01851369120188012,0.010360814656470275,0.008892589912577908,0.004858687595576546,0.004898614275737875,0.004457359902469512,0.022740150382701895,0.004209930635249256,0.04018053876612487,0.009964937555239159,0.01354873416433287,0.004686607397266762,0.0053196252088764575,0.005530283523269718,0.024348303417262563,0.006013106717149641,0.004703710319308452,0.009084278904810651,0.0332539251261915,0.0058117193414374295,0.0058626447607502095,0.005415798353121259,0.010264661888575818,0.005676867821930499,0.010319900470560533,0.009619361765642756,0.007955463550969257,0.014277858622424928,0.009881292679443343,0.00879176034081732,0.005513760901999747,0.009265411663835007,0.007395815394388159,0.008250753227086917,0.00608304517778495,0.005895942189902159
0.006961210850268893,0.009285366331470873,0.006730604123837769,0.014634510317912817,0.008027031221429405,0.008744485502485229,0.006154001406917696,0.013373434263833722,0.00618741604407222,0.004111554766445838,0.004935013232854022,0.008436877423370763,0.012152077688035192,0.009835480444940717,0.008089034828572149,0.03894436703395763,0.005975588897572034,0.03386478526079345,0.011398116198536022,0.009300267429458485,0.005034513748053694,0.007109679859875626,0.00600769811097243,0.0038230265542397507,0.02473111415219967,0.004528573391892089,0.005235256508338119,0.012562795693289159,0.018594193202743966,0.007412721323312418,0.016507851610059427,0.006252211528760841,0.006482119308000886,0.01669907924013719,0.013642274766036798,0.004978820710226729,0.00940273376929473,0.015682730077454545,0.004434437544406038,0.014451934246718229,0.0041703692260654755,0.06752164067398071,0.0440820345556493,0.006079010262469438,0.0357266368768555,0.00864005794527793,0.006190823860089587,0.006161933811446499,0.008088547756445429,0.005141126703371794,0.005682474510555904,0.018522903142356197,0.010364698710666857,0.008907043195318225,0.004857546528878477,0.004898641889611312,0.004456684514742629,0.02271028963798915,0.004212816403923896,0.040158476322591286,0.00995537351907053,0.013547346006438943,0.004684549880425907,0.005317814331751617,0.005541273313523596,0.024340154435964857,0.006015668775932245,0.004701414740773963,0.009091253825564397,0.03327346601840595,0.005804969086703383,0.0058588785813219095,0.005418289463123089,0.010261278427119767,0.0056659188303310685,0.010323861937289815,0.00963602710258976,0.007953252201199495,0.014243895259717088,0.009892386091784505,0.008788955262115808,0.005513464811074377,0.009246973169618103,0.007397428576373444,0.008257889663196872,0.006082833592841555,0.005896637771234688
0.00697242139909625,0.009281930071448586,0.006737441395191457,0.014655515955490668,0.008012955429171891,0.008723060709288332,0.00615404472033471,0.013379471623667158,0.006187762458336344,0.004110180558288654,0.004934340797424654,0.008427150115500492,0.012158356818251188,0.009834232990587869,0.00808552312872187,0.03897996796291137,0.005969715464402326,0.03385524860040124,0.011393631649554726,0.009306664702146233,0.005039886854762749,0.007112115463344632,0.006007235263351341,0.0038187259932792768,0.024778341550076494,0.0045274064755132055,0.005239013304660537,0.012554987527119983,0.01859913573131947,0.007420354115158991,0.016514614459256782,0.0062452749172468595,0.006481503078395146,0.016689198881261285,0.013647187927175721,0.004978589503076177,0.009432105749671448,0.015669897260626897,0.004435362328327646,0.014468357388204076,0.004168852659158017,0.06744279684258402,0.043971241452409535,0.006075323154465037,0.03572776307658049,0.008645252235570451,0.006192941935649361,0.006159669403453746,0.00810236359316863,0.005141795500988483,0.005684435470482106,0.01855416053299613,0.010359654360347447,0.00890271568496452,0.004859276669113883,0.004897066701303291,0.004454198069511792,0.022735225300301108,0.004214534697876616,0.04017631621320862,0.009957615269714878,0.013536736001450495,0.004684986739259987,0.005316011231765597,0.0055443672505426774,0.024337348007212434,0.0060143162866972385,0.004701903005077192,0.00909379062449621,0.033279962422436686,0.005814077354017601,0.005858992263654599,0.005414924958481506,0.01026106026968884,0.00567585416571701,0.010315770830898588,0.009622945110826812,0.007946393338693281,0.01428824667613961,0.009888364425505008,0.008793570670940047,0.005510755931410161,0.00923133009654869,0.007394517330927489,0.008255661962669414,0.006083149607221854,0.005892853934763751
0.006969500338298615,0.009293026006977673,0.006739521256778644,0.014671817459381974,0.008031907325356115,0.008733130039186054,0.006150227604797891,0.013366578894334086,0.006187268326028513,0.004111248316385,0.004937133939809172,0.008426792688264908,0.012158748438438944,0.009835641873531767,0.008083653724922396,0.03894016014823049,0.005966148290299043,0.03384099409723481,0.011413371768815456,0.009306621223122008,0.005046945399310147,0.007114855211251326,0.006008317576198394,0.0038203398460408644,0.024736294352935912,0.004528472559982134,0.00523768427661512,0.012567433500799252,0.018587311390300093,0.007399631879980097,0.016504058651359114,0.006245747704933947,0.006478272133786494,0.016699692903397772,0.013656936537862534,0.004980137050730257,0.009410537345425117,0.015689739258963116,0.004433216245718828,0.01445862687457422,0.004166780484061072,0.06755359573208686,0.04407381977763953,0.006080628723128734,0.035734083402880784,0.008647571679937197,0.006188425218381171,0.006157823465036188,0.008104385603045517,0.005146543110642117,0.005682531878913065,0.018534649004745753,0.010367181302059911,0.008907558574541771,0.004860827501232928,0.004899502451281433,0.0044503701391188435,0.022703610322419732,0.004215086728679778,0.04019597966287027,0.009946888390549705,0.013525537711290234,0.004682960625519498,0.005322627600803384,0.0055271527886555935,0.024311830799872574,0.00602402594940315,0.004702674623706625,0.009088219298422321,0.03321429577175166,0.005808036790077115,0.005861930005581465,0.005414381690383947,0.010262047959644666,0.005675532068859818,0.010309196469525835,0.009608020671022593,0.007937432961686754,0.014257950419907973,0.009881416849844258,0.00879100807791811,0.005518223490144032,0.009258115125163774,0.007392348058804825,0.008257557284841332,0.006081752733102241,0.0059001383831673035
0.006961526378052439,0.009275089685290323,0.006745438312369223,0.014674421996967554,0.008037741992224519,0.008723579617666368,0.006162534724378044,0.013365842332894442,0.00618555874910785,0.004112050494295862,0.0049379820858310875,0.008437584279353587,0.012174816256638864,0.009836915720500201,0.008088440083687589,0.03902244721395617,0.005972070251506619,0.03378439109556656,0.011398978497540919,0.009299616516417279,0.005042534573041088,0.007113522650649301,0.006008114089936282,0.003817817185219657,0.024731572680922215,0.00453318105368328,0.005237762534333752,0.012555972955244916,0.01856133402071187,0.007401674592584813,0.016496253922040068,0.006246627176658537,0.006481240606848756,0.016698836986943744,0.013667961219839138,0.004976460118508514,0.009404163137409731,0.01566013675463721,0.004433092121675152,0.01445254340727304,0.0041747326033538465,0.06753264518683376,0.044056590724315475,0.006078540699158926,0.035737996620854064,0.008631519495159364,0.006183425936230273,0.006162144503520962,0.008086594218791847,0.005140674039437854,0.005683606876652495,0.018533447863912752,0.010367401452878231,0.008909831196114422,0.004857810777703111,0.004897807233445894,0.004441093841789813,0.022712168456781548,0.004210380992112125,0.040182041356251315,0.00995494461184836,0.013549013669452407,0.004677022249462449,0.005318944007016505,0.005531143658000407,0.024302518082500633,0.0060254403789990925,0.004702425974363169,0.009089029103113629,0.033306107377082596,0.005809712707441178,0.005860265182993152,0.005413992276533682,0.010264982224483655,0.005677613898094585,0.010313983681532895,0.009625268302657157,0.007938325809313909,0.014261342004056786,0.009899421684801634,0.008794309984990914,0.005516008928679546,0.009243612721578526,0.007394899833966899,0.008253522964839603,0.006082189216419928,0.005895677267566956
0.006966477066751911,0.009280201985776943,0.006731394964783945,0.014631869834321156,0.008036315080965518,0.008740815563271274,0.006165012755185023,0.01336168925673939,0.006187112044759569,0.004112631002619228,0.004934700356714308,0.008433989219519718,0.012160743129602004,0.009825620193128132,0.008079646144592563,0.03895203379242749,0.005966285483122539,0.0337886486744831,0.011394047991685781,0.009308478604114505,0.005045687425728003,0.007111829780286087,0.00600547513813159,0.003817449200042593,0.024739347261224294,0.004527518500154565,0.005233997015126615,0.012555968248111206,0.018576567318735332,0.007412127016304048,0.0165218954492737,0.006243468021975852,0.00648057110498504,0.016693312742444247,0.013646923577075136,0.004976312130071468,0.009392554898311402,0.015680880719388727,0.0044348905534593586,0.014444476289479771,0.004174247809293118,0.06763201313233139,0.044015274298160635,0.006083316213370096,0.0357406351163751,0.00865159876066792,0.006186150498300716,0.006156515492964178,0.008090700017745036,0.005139286076344696,0.005682339267833966,0.018543922512276195,0.01036258183956561,0.008901952597069726,0.004858404912552007,0.004900320445043432,0.004449883774864857,0.022729147463178532,0.004216412277622172,0.04013361013561246,0.009958846977910768,0.01352994221028015,0.004682798188691661,0.00531585139071709,0.005538050497794546,0.024344597963657073,0.006022619754477187,0.0047022292646183034,0.009089611905696314,0.03333232522067606,0.005809138692004822,0.005860123729588958,0.005413242431210599,0.010279954581272094,0.005681911356158081,0.01032976716689744,0.009630373843903339,0.00794176725099076,0.014246147663185042,0.009882687196136478,0.008796505252229319,0.005511055956192973,0.009251027486381479,0.0073910435466901184,0.00824273003384636,0.006083144322421829,0.005885227729258123
0.006970296540181479,0.00929179051354791,0.006739615899437325,0.014649216504578039,0.008025257917737151,0.008723157263252101,0.006167244092389065,0.013386014883697693,0.006188595181360887,0.004112026512126471,0.004935778980043149,0.008426239346244408,0.012169150022566145,0.009832486366189322,0.00808424995602448,0.039018303480854305,0.005964214999819384,0.033787232030830276,0.011410744641422612,0.00929777342789374,0.005038696456878779,0.007112972641950344,0.00600579514631237,0.0038244571671911505,0.024714648811159732,0.004525255347182173,0.005240456930953952,0.012559535169038792,0.018571241290667118,0.007401209865227911,0.01650835283363891,0.0062451164204627135,0.006477058143212118,0.016718701154979865,0.013672501992737575,0.004978013965306704,0.009380754109614413,0.015669222468661703,0.004432202314032541,0.014478660624365529,0.0041729192547318075,0.06759473985811595,0.043949510500471606,0.006074150507040273,0.03574447133996312,0.008646128796985154,0.006191557592096078,0.006160664022678111,0.008089617305605812,0.005139216419861245,0.005681383807844295,0.018525343130958837,0.010378652898404278,0.008906666732575825,0.004861218325019545,0.004898807335969999,0.004448154481982687,0.022671133250228213,0.004215499774356845,0.04021956017992725,0.009965834730865517,0.013539007881917756,0.004685375187416639,0.005317562313911045,0.005541773297909432,0.02437803652570384,0.006023147039137052,0.004702463382605212,0.009091631864958311,0.03327729035199562,0.00581075838617833,0.005860304484210133,0.0054171604215648705,0.010253223621509863,0.005679049720479547,0.0102765756215832,0.009630584569805102,0.007947370991385821,0.014239820316139032,0.009889470321397734,0.008794451061428595,0.0055197165156231805,0.009243378497516013,0.007385527057636554,0.008251348634111378,0.006082638295362265,0.005892861784738825
0.00696936758577507,0.009288892915440283,0.0067386351652874025,0.014643324381371323,0.008033786276313725,0.008726584991913679,0.006154267486301096,0.013362854824985997,0.006185142727126124,0.004111435846096187,0.004936794665201144,0.008427466322071241,0.012160984649975786,0.009836928416759603,0.008086304347874084,0.03892896801029871,0.005960880991829825,0.03384148523095109,0.011423986697000057,0.009298051430255694,0.005039652760519215,0.00711303767322945,0.006010351964131703,0.0038180994289235813,0.024747186685786772,0.004530119953199518,0.005232653215537572,0.012566686810441171,0.018579673963058457,0.007414486649611607,0.01651326034825618,0.0062496639334098285,0.006481658745485466,0.01669844906881901,0.013657063855501134,0.004979198628166709,0.009405758444419359,0.0156700364478637,0.004433079097161068,0.014454385927553225,0.004172800237478735,0.06755235154216598,0.04405592190392489,0.00607897339081696,0.035735834397331516,0.008644414169817387,0.006185880835619184,0.006156606975511301,0.008100161061415683,0.005140869207986165,0.005682650044703034,0.018524079543958957,0.010357556306690654,0.008896175574643794,0.004860684009303987,0.004896790731281304,0.004450630066801539,0.022735648681244083,0.004212320468004783,0.04019744373426541,0.009966948052386189,0.013548421748580916,0.004686404821495033,0.005324482003595519,0.005536956874232077,0.02430941989773036,0.006018431605575714,0.004700547268750607,0.009096071715707407,0.03326106574403602,0.005806231414491058,0.0058600430546324085,0.0054161239110658834,0.01024946051415194,0.005676740941397824,0.010296189122480969,0.009611777562471288,0.007952270172264544,0.014274654489973629,0.009885236644381887,0.008795880822890132,0.005512238440761143,0.009240540151950617,0.0073980794179957276,0.00825467967432117,0.006082297541781233,0.005890366793972752
0.006965991422896293,0.009271407433398873,0.006731054211615158,0.014646418718295785,0.008027507300343706,0.008731048781446153,0.006159623426896664,0.013368860665284666,0.006189435875900296,0.004111946251891421,0.004934362437932018,0.008419305981116405,0.012158579972671932,0.009822257714292505,0.008078018854321583,0.0389193656030016,0.005967491085203396,0.03383378986998613,0.011406172830826303,0.009295661862811028,0.005044410000115874,0.007107647237925963,0.00600750809625779,0.003817741821924546,0.024764025892112247,0.004528004078643054,0.00523343702189808,0.012555456781199454,0.018588318715827907,0.007416466534322837,0.01654887147284697,0.006236785709357707,0.0064795405274208,0.01668598624447462,0.013653873490486046,0.004977230456348833,0.009415826556510238,0.015664957178340204,0.004431891608131076,0.014472129931315327,0.0041693526979872135,0.06755659978634455,0.04401911294177973,0.00607663197884071,0.035725770928635145,0.008639838219051602,0.006182207016050316,0.006158796167917929,0.00809116941868839,0.005141672669012692,0.005683360852017136,0.018552027550719302,0.010376385896042908,0.008910759824284813,0.0048567608941338224,0.004895681284692553,0.0044535565853707024,0.02273118666004724,0.004209978650354119,0.04015614148193741,0.009958674593240456,0.013518548069492774,0.004680134893041795,0.005320339649096434,0.005538961779259116,0.024350507554408502,0.006021444596378992,0.004703061242541778,0.009080554442745695,0.033330393197925676,0.0058080627909370686,0.0058585692986017155,0.005414300548239515,0.010259391972212033,0.005669355009954959,0.01030505972142044,0.009631576554609651,0.007952346874969662,0.014279534980715948,0.00989914417296716,0.008790050783785423,0.005517761858869453,0.00923609912911025,0.007390313511668499,0.0082525215104767,0.006082685807095858,0.005895204193312663
0.00697010028261798,0.009285504633002161,0.0067305463230978085,0.014642748378810074,0.008029681104095913,0.008732895839320602,0.006162535368498794,0.01335623186918696,0.006186989919629894,0.004119003483868647,0.004934485441713004,0.00843310047354385,0.01216553682141181,0.009834568316122236,0.008077539867084411,0.03901871876037328,0.005975549902915922,0.033841575092957495,0.011424105836731811,0.009306068639949611,0.005042283961326953,0.007107203841979204,0.006006577008263982,0.0038190124033044667,0.024743006332362483,0.0045266307756736636,0.0052364305116432254,0.012555462317095041,0.01859529608690259,0.0074098549764622865,0.01650453383028458,0.006246105846001781,0.006481497700851626,0.016736910652873558,0.013655731352935177,0.004978055290445042,0.009412868112709359,0.015672409825479443,0.004433830711639303,0.01446548485604215,0.004172687231944357,0.06741339345961703,0.04402919604204529,0.0060745549053029075,0.035738424350923455,0.008654280998590917,0.006182479269455575,0.0061651457772436335,0.008076570374790728,0.005141837178499257,0.005682460383493906,0.01853962329384952,0.010368798315821895,0.008898777889354675,0.004859851663734976,0.004899805868043077,0.004453067704273593,0.0226678989935234,0.004212223174618893,0.04018033842065475,0.009962668319820298,0.013548662563062466,0.004683904942451441,0.00532441093205591,0.0055378659893757795,0.024366159919309065,0.006020795750553601,0.004701997927924913,0.009088443013639043,0.03324901447945269,0.005810026489056319,0.0058568542071719435,0.005413728877562316,0.010248563892782545,0.005678341008680368,0.010313282295889613,0.009624668695822297,0.007956085448974696,0.014279913127871725,0.00988542038615489,0.008795262763980438,0.00551662152385479,0.009255789951639889,0.00738884452260787,0.008251900798588918,0.006081065838326588,0.00589161804834603
0.006969172564522568,0.009283894038244736,0.006738098197391102,0.01463789671869825,0.008037460644903212,0.008747541297705025,0.0061646152690159025,0.013375960853921337,0.006193851307115352,0.0041102936264172255,0.00493788027885637,0.008440643870091923,0.012138937817934917,0.009826501062280958,0.00808128626252707,0.038976450527539064,0.005971596250526059,0.03386157275789313,0.011399477096276067,0.009291585770356518,0.005040719632370355,0.007114989645499911,0.006009101597354286,0.0038180780754195898,0.024730550191961777,0.004523545272710845,0.005236270433107708,0.012557274030357186,0.018597910606348213,0.007408158640248439,0.016524955397106304,0.006249838508461923,0.006476007400612032,0.01671857572365161,0.013641741937369474,0.0049770571985809624,0.009393263572640476,0.015683708627764484,0.004435062679687983,0.014452352124685066,0.004171160722203188,0.06747405027977783,0.04399474297116934,0.006078477950293482,0.03574253020112287,0.008641079394524836,0.006179278810711681,0.00616130238339175,0.008090938210508748,0.005142199992782144,0.0056806009321014915,0.018544999371662402,0.010364943682221737,0.008911830474062013,0.004861709292091878,0.004901569964598763,0.0044488404242851685,0.022690597619610606,0.0042138361687602665,0.04021306036603576,0.009968140367892949,0.013533164253590338,0.004682389781956142,0.005322011260606999,0.005533161375359882,0.024364453121376133,0.00601241712986728,0.00470275193814389,0.009088387935491275,0.033319640344545584,0.005804726619510954,0.005856729038568185,0.005410646677678204,0.010250512441417697,0.0056809651254736745,0.010319900182575906,0.00959069357632069,0.007950037572618182,0.014260938050907047,0.009898728796844173,0.008797438767508792,0.0055155943653662646,0.00923662926384432,0.007389924829394066,0.008256004623047312,0.006082602691937083,0.005889782921033637
0.0069606866266453266,0.009300147196298321,0.006738653200764299,0.014650361007613515,0.008031453170808086,0.008724246745704838,0.006159614886790675,0.013351374432199194,0.006187111969891921,0.004113734210462061,0.004931139257325101,0.008429918218951844,0.012143360716011433,0.0098308959084755,0.008083309445692336,0.03901401294948877,0.005967357019371145,0.03377863376366881,0.011401008159248771,0.009303115323724371,0.005048838993262538,0.007112222303133466,0.006003904875495515,0.0038205954474763277,0.0247562879302397,0.004526716458642561,0.005237581122536703,0.012560847405186424,0.01856462598234755,0.007411074670327479,0.016507452180975934,0.006241398475509815,0.006480250786908691,0.016715364221785427,0.013656210195660894,0.004978651501809465,0.00940557586789195,0.015677843718380508,0.004434894282386442,0.014439427189236608,0.004173201496216442,0.06751417156701071,0.044012103337762294,0.006076862117527851,0.03572577733523722,0.008628639740862754,0.006186985875751042,0.006159829543127976,0.008102074989084848,0.005140581051216341,0.005681513330994412,0.01853314743459456,0.010360050213696135,0.008922585809293984,0.0048605436738944074,0.004898186634656131,0.004455048313422093,0.022731276566480448,0.004209982525027012,0.040232303601886274,0.009971698609278589,0.013532717921098164,0.004683251835797775,0.0053228407610508835,0.005542890081178016,0.024363988470576768,0.0060269487541385666,0.004703106804229537,0.009094822705497508,0.033280016958331056,0.005812859289543165,0.005858946504795239,0.005416213728815614,0.010248065585025385,0.005669111672713383,0.010310921688999643,0.009617867428950249,0.00795088070224863,0.014260058070119479,0.009899439953152865,0.008784882463545893,0.005511200399376944,0.009249325577368338,0.007382214201120804,0.008247283874712304,0.006081483394533833,0.005892199331724742
0.006966627429419617,0.009292374800177087,0.006736274248058401,0.014652082102709478,0.008030526016612282,0.008736320015205893,0.00616954005821443,0.013354076040960132,0.006186383050897673,0.00411198481850575,0.004934546092637503,0.008422247819489297,0.012147365515029467,0.009827471177360507,0.00808034901552223,0.03897536361656236,0.005962755952607595,0.03379982473940248,0.011425897737124114,0.009302383212447397,0.005039778505341048,0.007107651903879887,0.006004358180790564,0.0038199424542325194,0.0247074821727673,0.004527424793686609,0.005236578044434944,0.012558197087572288,0.018588916922590334,0.007420747543616343,0.016533114311784385,0.006245523424727684,0.006480557135648517,0.016688005299517947,0.01364559579777191,0.004978387810354334,0.009386580737944893,0.015700391626363067,0.004432314691369133,0.014469153656175229,0.004170889418402987,0.0675170161823783,0.04405112383367352,0.006079340595487201,0.03573710147540506,0.008634001012436485,0.006183095592661125,0.0061626496470258,0.00810629465716526,0.005144321077093332,0.005683321590670459,0.018534718796695007,0.010371164017413382,0.008915636214782406,0.004857003925924934,0.004900770267948223,0.004453481465519815,0.02273344378492923,0.004215047439781633,0.04018861247264501,0.009958198959316617,0.013533829974626297,0.004681973171000247,0.00531786501814438,0.005535056106891907,0.024331659404258493,0.006017669050368037,0.004700389630938964,0.009088436672400316,0.03327402406029506,0.005811630614698084,0.005861513343202888,0.0054130739717399776,0.0102492869503017,0.005683544111289466,0.010312123813396183,0.009623218880708006,0.007954345660991709,0.01425755919571923,0.009891367244255187,0.008792916442007333,0.005523459141530265,0.00924752373646207,0.007392281992910299,0.008239216632201516,0.006083311483524619,0.005900395600895774
0.006964397113087157,0.009283480186574662,0.006734097193934246,0.014693696039375965,0.008024634108118938,0.008727173111692296,0.006158171081380435,0.013345068738063593,0.006190185700455326,0.004113366110126802,0.004936507329220643,0.008443999270262167,0.012153281264419964,0.009826972402540442,0.0080830150041801,0.038990498378461316,0.005971298852584964,0.0338617594733919,0.011404547796674564,0.009296343194508594,0.005036575521381521,0.007114667589806005,0.006011581847471173,0.003820648422946941,0.024715865200129455,0.004531734562661683,0.005236337067965717,0.012553048763983833,0.018570202806465427,0.00740908722365568,0.01650868881052483,0.006247731631529191,0.006479165715909709,0.016715715249721652,0.013675030195629335,0.004976964784131705,0.009404183095940643,0.01568068611495914,0.004433706597640112,0.014486182166846894,0.004172448089584473,0.0675618490407539,0.043982725157276234,0.006078996881616066,0.03573004227263382,0.008641701692627844,0.006182189171956327,0.00616330887914071,0.008078208861610587,0.005144528344375188,0.005687833176901748,0.018537313193339115,0.010374068775202864,0.00889684111740107,0.004860005079391555,0.004896638040489068,0.0044494160286882465,0.02272757600355665,0.004211291797475959,0.04017628964102268,0.009964152474342236,0.013532243744983772,0.004681886077986179,0.005318205776419143,0.0055313353823901144,0.02433154223982893,0.006020676241746548,0.004700649792139495,0.0090806152984593,0.03324666287871462,0.005814668699012708,0.005860529030763251,0.005415824657357427,0.010265234258168467,0.005669094064493538,0.010315572934407423,0.009613419252599315,0.00795593690437218,0.014273653264418281,0.009866321469475664,0.008797216140170391,0.005507243035588473,0.009245620229719536,0.007397638338883149,0.008250145448578983,0.006081557582588643,0.005898787653034332
0.006968993928712004,0.00928811139716304,0.006744785820361694,0.014685923359381153,0.008026314667256867,0.008741270742130767,0.00615782492138737,0.01335973785137147,0.006186917645257147,0.004112564246066343,0.00493445629935972,0.00842826930274213,0.012169913844868851,0.009834734034152208,0.008088677871795314,0.03894311894271968,0.005977896188247877,0.0337999638490171,0.011409723460305258,0.009301475726005736,0.005040868787660663,0.007117216996342861,0.0060034021701761186,0.0038218038159751147,0.0247404487822557,0.004532546081118061,0.005236541876321203,0.012561471033671664,0.018575704229309615,0.007398504287401304,0.016521263151954898,0.006234769118146157,0.006480940753155196,0.016725236942212077,0.013661129779377732,0.004978535577536553,0.009407842521417126,0.015671982341003598,0.004434172735751171,0.014471220429684134,0.004173960178231198,0.0676456718527717,0.04401266140386766,0.00607740913456873,0.03573216199871527,0.008643402416644373,0.006177011607550228,0.0061652641702676855,0.008097143992536367,0.0051423601846493795,0.00568379403066182,0.0185290165300934,0.010364385257168129,0.00891023920236318,0.0048572649235969784,0.004898550081795654,0.004453339173096715,0.022703773426265325,0.004212604555190743,0.0401384732794097,0.009956879231040942,0.013535479602326685,0.004680211667139677,0.005320730611018947,0.0055397837361624925,0.024326586332309733,0.006022424741058634,0.0047005737197708935,0.009088347551740903,0.03322097501333845,0.0058122617959964935,0.005861286512105951,0.005414879917626379,0.010255942112072862,0.005689724700847266,0.010298688652763234,0.009620772045585502,0.007948025470788263,0.014270095045581091,0.009894912746853788,0.008790760954416842,0.00551339567991846,0.009243006641895259,0.007384709786418348,0.008249087326796252,0.0060827848976468335,0.005882910414083683
0.0069702220944742,0.009297748049411579,0.006736977794770371,0.014676454315204866,0.008030059864527971,0.008735309437983143,0.006161761636337087,0.013358307133584131,0.006185389375734361,0.0041158099055681255,0.004939537811176742,0.008429130034738176,0.01216505866412262,0.009824959882672624,0.008072422520471283,0.03897896261043775,0.005970504156686105,0.03384426680093935,0.011410090645669196,0.009297381978896747,0.005042215954931076,0.007114877443220327,0.0060098570411166756,0.003820187832613393,0.024714085822622786,0.0045303693906329524,0.00523614928181193,0.012551744278793988,0.018588557997356002,0.007394143501217767,0.016506187845712415,0.006250431879883106,0.006477682567883215,0.016713334214723735,0.013646535286622482,0.004979933528593532,0.009391528688660665,0.015669535139123225,0.004434434389202279,0.01445474419524362,0.004168779380674276,0.06761946057442085,0.04396277552022951,0.006079486381862292,0.0357313902316072,0.008641795643821183,0.006184142808029145,0.0061607475450474155,0.00808887458754121,0.005137314083992696,0.005684011717839269,0.018554323220454406,0.010360733199133089,0.008908892753174648,0.004858270519540074,0.004901806972292073,0.004446968992560414,0.02271401868458307,0.004217029512244741,0.04019685559667678,0.009956742151937184,0.01353930268025401,0.0046814529489352654,0.0053245885250578955,0.005541131805403274,0.024315714927445442,0.006024299638249184,0.004700986318058323,0.009083403463902216,0.03324311094546664,0.005805417915060011,0.005859704828393391,0.005415268970771912,0.010258531963109191,0.005669754813539505,0.010329457472114176,0.009610218276394659,0.007958975303114006,0.014271800717321556,0.00989104681657204,0.00878282727736178,0.0055121430552774135,0.009250527465403491,0.007395423447724204,0.008254892722250955,0.00608161862656813,0.0058970877735539445
0.006970803587842798,0.009286927108852074,0.006731038536258586,0.014671745691752823,0.008039846138665305,0.008724293650178907,0.006160235187007005,0.01336321623929217,0.00618894684355453,0.004116508543588186,0.004934368036023401,0.008440040384079183,0.012160985964248257,0.009827467624709244,0.008079101395332406,0.0389809132878274,0.005966646930090046,0.033829347861016656,0.011403682250400445,0.009302325209872918,0.00503894457060937,0.00710896887137801,0.006008963591556228,0.0038236450603975855,0.02472023681385407,0.004528610644744926,0.00523142803956166,0.01256196833890397,0.018580879541693362,0.007395376077203487,0.01652828563728134,0.006244589035434359,0.006485295877666206,0.016723975278672643,0.013659796897653889,0.004978822222193247,0.009396661334490521,0.01567776739210735,0.00443456838191612,0.014492932853998686,0.0041764975661259625,0.06753618549173605,0.04403962185418318,0.006072369286988429,0.03573806890581844,0.008628481453231099,0.006178690068814503,0.006161132119109614,0.008089661520027288,0.005137900051115607,0.0056838559671199594,0.018536102679635975,0.01036992593240922,0.008898692826527107,0.004861141509444263,0.00489901637828333,0.004451546056874114,0.02273400910659645,0.004212648694963678,0.040159786856030874,0.0099509403930094,0.013532521755504739,0.004682662001377684,0.005317351785101126,0.005536672276821159,0.024321149127075354,0.006017958281600294,0.004703140361997996,0.00908582358601043,0.03327419689914155,0.005807690487636254,0.00585786169382441,0.005413864190594749,0.010261341749895752,0.005661726399308952,0.01030879310543488,0.009611512107673421,0.00794419044725427,0.014285292600100996,0.009872793467671875,0.008796229630327891,0.005518053720763982,0.009261867283344067,0.007390181495338608,0.008248200531066936,0.006083744747067618,0.005888748489429252
0.006973022241356952,0.009284151001684712,0.006736409322639494,0.014624081310313886,0.00802858555133396,0.0087383667107036,0.006163784618882398,0.013359906862558705,0.006190758294837646,0.004115963722353543,0.004934249309459492,0.008421153365798786,0.012170377079803334,0.009826750382542177,0.008078352842690048,0.03897163773699143,0.005966597917678506,0.03386582991893436,0.011409300728010186,0.009301695595295386,0.005047353076829368,0.007111433858822684,0.0060062279686044235,0.0038180812322310903,0.024734848602869217,0.004528091036504727,0.005236496047240553,0.0125650485073402,0.018585470092557066,0.007406987315160256,0.016542279980928422,0.00624238594563296,0.00648136264994972,0.016727151074469933,0.013648266101733978,0.004978977232202062,0.009389740906864908,0.0156763332457024,0.004433697596776,0.014462528324319239,0.004171294624570647,0.06754813578548204,0.0439564751756412,0.00607745058418944,0.03572742375256291,0.008649993131669715,0.006189519992596471,0.006160799132297986,0.008088263774739339,0.005141947022930031,0.005683490916306982,0.0185605931647747,0.010373566709506418,0.008890832099106256,0.004857540424528963,0.004898331899663548,0.004440028564461297,0.02268039037728524,0.004216883137122971,0.04024421390089127,0.009964304493001591,0.013530227755817867,0.004681231120010525,0.005312552425647876,0.005533095683290969,0.024320010212769572,0.006024011100077737,0.004702483927185084,0.009083514247964337,0.03331922670086658,0.00580920572520186,0.005858864496975433,0.005414493517611058,0.010251379003623495,0.005668391013969581,0.01031007516783092,0.009621041199209054,0.007948241173741374,0.014252765132217895,0.009888205334639926,0.008786608658497196,0.005513810645329074,0.00925399748191547,0.0073810830892918075,0.008252815787325955,0.006082825724210754,0.00589462949679025
0.006966223154800171,0.009302173244536954,0.006736991842876675,0.01466518677550941,0.008027567086276366,0.008733708539750923,0.006166929180937408,0.013364552648928796,0.006184246611597917,0.004110015237102113,0.004935212137539849,0.008427074187392638,0.01213971679051984,0.009828420170738143,0.008082689868275886,0.038954975893586756,0.005965263801724318,0.03383889307652647,0.01141585861204855,0.009303931655510113,0.005045360703209394,0.007111879480751589,0.00600407534288035,0.003819122633507508,0.024695186283787515,0.0045298248006971345,0.005238422866559339,0.012556997568908379,0.01858253754860346,0.007408370310110615,0.0164936813411665,0.006243533436332734,0.006476210556336617,0.016713031199941934,0.013649518726881303,0.004978674389043601,0.00941108758119592,0.01566270509851084,0.004434020899642914,0.014457696746692351,0.004171040947815463,0.06764405674469556,0.04400434704755442,0.006077355618510218,0.03572555518719268,0.008621834660958495,0.006193955191496562,0.006161238763960289,0.008079512846023738,0.005139115313815705,0.005680763121521044,0.018537391356270763,0.010373518961955455,0.008902671180855479,0.004860708043635083,0.004896423107045312,0.0044554956669356615,0.022742529590038047,0.004210006637875921,0.04021830058640463,0.009948528000469638,0.013535707636849413,0.004682409274391898,0.005325782527503931,0.005542478144644742,0.024303229164492776,0.006026840389471462,0.004704794611659765,0.009089859434533396,0.033254721063485274,0.0058145814389835414,0.0058583647453311505,0.005415342803012572,0.010263589419204399,0.0056882404456293015,0.010319489453733078,0.009623302022278566,0.007953148617075419,0.014248278112355994,0.009876515498645128,0.008789734531269888,0.005514027169806484,0.009248925194716763,0.0073912218671878475,0.008247051771453004,0.006084719977669321,0.005891727831064347
0.0069621675046500275,0.009273194402267695,0.006739949592089168,0.014672962200245311,0.00802468771899278,0.008751754412586726,0.00615922361932361,0.013353633297426677,0.0061860723014678,0.004111794442573592,0.004930096206254794,0.008430131044252017,0.012146943490514825,0.00982620411855317,0.008079190469976887,0.03896187079020728,0.005970870637579191,0.0338183300441037,0.011430256438105519,0.009295110643631943,0.005043986226482291,0.007111493088649562,0.0060048953113233505,0.0038194126748826718,0.024715526573101384,0.004533723865902688,0.005238460477767308,0.012562928369723024,0.018554137953507684,0.007406579672172589,0.016505705491347045,0.006246039566112205,0.006486804892273021,0.016697361143581935,0.013648664060225848,0.004979155140223989,0.009407343002245579,0.01568239223402368,0.004432160546993724,0.014455180105471171,0.004169583673967544,0.0676858939473691,0.044005405613347245,0.00607855805533914,0.03573877106689459,0.008625463548470049,0.0061870360040063785,0.006161391088269327,0.008105424562388597,0.005147675172246562,0.00568398770133938,0.018544117232551366,0.010370569953094825,0.00889458167114243,0.004858216814066049,0.004900064493474022,0.004452652801855665,0.02271836131666678,0.004210255240605222,0.04019867110345323,0.0099614870004981,0.013543899920923553,0.004684907887316718,0.0053168808926172635,0.005552615083715283,0.024332483579751634,0.006024950133093003,0.004700718018322738,0.00908696052809494,0.03323176253385138,0.005804844438152243,0.005860925211720995,0.00541737074335338,0.01027831948358891,0.005671628142351805,0.010303495894180052,0.009616199028317054,0.007943623660052246,0.014253927649937444,0.009859655975229866,0.00878682716893545,0.005511483685341464,0.009247432045210122,0.007389527893990938,0.008253908211625164,0.0060826748703437,0.005888415196669953
0.006966323746997932,0.00928273018559266,0.006744201812781508,0.014649603796284235,0.008021024552540586,0.008728327163436576,0.0061605969137516125,0.01335538554173698,0.006188229258227145,0.004111978370854772,0.0049376941196236455,0.008428026147828007,0.01218194689396471,0.009827404050394629,0.008086669580971425,0.03897493399807819,0.005972465259251762,0.03380759761480684,0.011446177545852223,0.009304233005641644,0.005048267969716447,0.007107814816382743,0.006013056367540251,0.003817487954072646,0.024749418390647274,0.004532138603608927,0.00523130844780156,0.01255377998616393,0.01855658605107868,0.007414464888155253,0.016514588778760816,0.006241547437972794,0.006481572395387072,0.016683416337672608,0.013644600528001734,0.004980377278298143,0.009390522916301103,0.0156716492211196,0.004435559042868939,0.014433584761844058,0.004176631146436747,0.06755058578045696,0.04403717248633951,0.006075690209579587,0.035729797753605914,0.008641141851899688,0.0061896652272330635,0.006162765634046353,0.008100074889613266,0.005146357680090297,0.005685899928893162,0.01853794698135743,0.010369831782465965,0.008908124447186192,0.0048607958081785235,0.004898126944882399,0.004455957241099989,0.022764196327418707,0.004214325762714318,0.04017531364984443,0.009960864521845362,0.013541272724512471,0.004684899361134415,0.005318093007682196,0.005537197928949643,0.024345595075746143,0.006022266171226195,0.004702260856157761,0.009087122466343965,0.033249516380038424,0.005809730406427455,0.005854334659170365,0.005418192787000334,0.010258061307895906,0.005675909060496477,0.010310769112450715,0.009624181743039905,0.007950141251760155,0.014263873823047201,0.009871143229357525,0.008788068781686715,0.005511653228676165,0.009247128333658615,0.007394076645321572,0.008244254395410327,0.00608182790994339,0.0058898714321252285
